Timestamp,bucket,client_throughput_gbit_per_second,server_throughput_gbit_per_second,ALLOC_PIN,ENABLE_NAGLE,INCREASE_SOCKET_BUFFERS,PIN_THREADS,THREAD_COUNT,CONNECTIONS_PER_THREAD,SERVER_ADDR,QUEUE_DEPTH,INFLIGHT_OPS,PAGE_SIZE,PORT,VERBOSE,USE_ALIGNED_ALLOCATIONS,HALF_DUPLEX_MODE,RUN_DURATION_SECONDS
2024-10-06_09-12-59,1,21.61909,21.725450000000002,0,0,0,1,2,4,10.0.1.190,2048,1024,4096,12345,0,1,1,20
2024-10-06_09-12-59,2,21.72088,21.72021,0,0,0,1,2,4,10.0.1.190,2048,1024,4096,12345,0,1,1,20
2024-10-06_09-12-59,3,21.66344,21.6642,0,0,0,1,2,4,10.0.1.190,2048,1024,4096,12345,0,1,1,20
2024-10-06_09-12-59,4,21.66024,21.660709999999998,0,0,0,1,2,4,10.0.1.190,2048,1024,4096,12345,0,1,1,20
2024-10-06_09-12-59,5,21.6078,21.60769,0,0,0,1,2,4,10.0.1.190,2048,1024,4096,12345,0,1,1,20
2024-10-06_09-12-59,6,21.652079999999998,21.65085,0,0,0,1,2,4,10.0.1.190,2048,1024,4096,12345,0,1,1,20
2024-10-06_09-12-59,7,21.58284,21.58651,0,0,0,1,2,4,10.0.1.190,2048,1024,4096,12345,0,1,1,20
2024-10-06_09-12-59,8,21.62804,21.62839,0,0,0,1,2,4,10.0.1.190,2048,1024,4096,12345,0,1,1,20
2024-10-06_09-12-59,9,21.54264,21.54226,0,0,0,1,2,4,10.0.1.190,2048,1024,4096,12345,0,1,1,20
2024-10-06_09-12-59,10,21.57268,21.57309,0,0,0,1,2,4,10.0.1.190,2048,1024,4096,12345,0,1,1,20
2024-10-06_09-12-59,11,21.573439999999998,21.57382,0,0,0,1,2,4,10.0.1.190,2048,1024,4096,12345,0,1,1,20
2024-10-06_09-12-59,12,21.522759999999998,21.52171,0,0,0,1,2,4,10.0.1.190,2048,1024,4096,12345,0,1,1,20
2024-10-06_09-12-59,13,21.5758,21.57632,0,0,0,1,2,4,10.0.1.190,2048,1024,4096,12345,0,1,1,20
2024-10-06_09-12-59,14,21.53696,21.53665,0,0,0,1,2,4,10.0.1.190,2048,1024,4096,12345,0,1,1,20
2024-10-06_09-12-59,15,21.562399999999997,21.56448,0,0,0,1,2,4,10.0.1.190,2048,1024,4096,12345,0,1,1,20
2024-10-06_09-12-59,16,21.54668,21.54743,0,0,0,1,2,4,10.0.1.190,2048,1024,4096,12345,0,1,1,20
2024-10-06_09-12-59,17,21.557879999999997,21.557000000000002,0,0,0,1,2,4,10.0.1.190,2048,1024,4096,12345,0,1,1,20
2024-10-06_09-12-59,18,21.49648,21.4972,0,0,0,1,2,4,10.0.1.190,2048,1024,4096,12345,0,1,1,20
2024-10-06_09-12-59,19,21.55456,21.55339,0,0,0,1,2,4,10.0.1.190,2048,1024,4096,12345,0,1,1,20
2024-10-06_09-13-21,1,21.85558,21.89768,0,0,1,0,2,4,10.0.1.190,2048,1024,4096,12345,0,1,1,20
2024-10-06_09-13-21,2,21.30465,21.30109,0,0,1,0,2,4,10.0.1.190,2048,1024,4096,12345,0,1,1,20
2024-10-06_09-13-21,3,20.75511,20.75454,0,0,1,0,2,4,10.0.1.190,2048,1024,4096,12345,0,1,1,20
2024-10-06_09-13-21,4,20.802889999999998,20.80311,0,0,1,0,2,4,10.0.1.190,2048,1024,4096,12345,0,1,1,20
2024-10-06_09-13-21,5,19.51894,19.50645,0,0,1,0,2,4,10.0.1.190,2048,1024,4096,12345,0,1,1,20
2024-10-06_09-13-21,6,19.24295,19.2424,0,0,1,0,2,4,10.0.1.190,2048,1024,4096,12345,0,1,1,20
2024-10-06_09-13-21,7,19.14409,19.1432,0,0,1,0,2,4,10.0.1.190,2048,1024,4096,12345,0,1,1,20
2024-10-06_09-13-21,8,19.10034,19.10124,0,0,1,0,2,4,10.0.1.190,2048,1024,4096,12345,0,1,1,20
2024-10-06_09-13-21,9,19.15609,19.15656,0,0,1,0,2,4,10.0.1.190,2048,1024,4096,12345,0,1,1,20
2024-10-06_09-13-21,10,19.12511,19.124119999999998,0,0,1,0,2,4,10.0.1.190,2048,1024,4096,12345,0,1,1,20
2024-10-06_09-13-21,11,19.19233,19.19268,0,0,1,0,2,4,10.0.1.190,2048,1024,4096,12345,0,1,1,20
2024-10-06_09-13-21,12,19.14026,19.140320000000003,0,0,1,0,2,4,10.0.1.190,2048,1024,4096,12345,0,1,1,20
2024-10-06_09-13-21,13,18.97338,18.9728,0,0,1,0,2,4,10.0.1.190,2048,1024,4096,12345,0,1,1,20
2024-10-06_09-13-21,14,19.42624,19.42748,0,0,1,0,2,4,10.0.1.190,2048,1024,4096,12345,0,1,1,20
2024-10-06_09-13-21,15,19.59276,19.59228,0,0,1,0,2,4,10.0.1.190,2048,1024,4096,12345,0,1,1,20
2024-10-06_09-13-21,16,19.56714,19.56748,0,0,1,0,2,4,10.0.1.190,2048,1024,4096,12345,0,1,1,20
2024-10-06_09-13-21,17,19.50262,19.502879999999998,0,0,1,0,2,4,10.0.1.190,2048,1024,4096,12345,0,1,1,20
2024-10-06_09-13-21,18,19.33304,19.332880000000003,0,0,1,0,2,4,10.0.1.190,2048,1024,4096,12345,0,1,1,20
2024-10-06_09-13-21,19,19.1503,19.14912,0,0,1,0,2,4,10.0.1.190,2048,1024,4096,12345,0,1,1,20
2024-10-06_09-14-05,1,28.24767,28.35069,0,1,0,0,2,4,10.0.1.190,2048,1024,4096,12345,0,1,1,20
2024-10-06_09-14-05,2,27.55581,27.50409,0,1,0,0,2,4,10.0.1.190,2048,1024,4096,12345,0,1,1,20
2024-10-06_09-14-05,3,27.24019,27.24123,0,1,0,0,2,4,10.0.1.190,2048,1024,4096,12345,0,1,1,20
2024-10-06_09-14-05,4,27.37666,27.37639,0,1,0,0,2,4,10.0.1.190,2048,1024,4096,12345,0,1,1,20
2024-10-06_09-14-05,5,27.3247,27.32495,0,1,0,0,2,4,10.0.1.190,2048,1024,4096,12345,0,1,1,20
2024-10-06_09-14-05,6,27.28458,27.284299999999998,0,1,0,0,2,4,10.0.1.190,2048,1024,4096,12345,0,1,1,20
2024-10-06_09-14-05,7,27.19098,27.18955,0,1,0,0,2,4,10.0.1.190,2048,1024,4096,12345,0,1,1,20
2024-10-06_09-14-05,8,27.38399,27.38417,0,1,0,0,2,4,10.0.1.190,2048,1024,4096,12345,0,1,1,20
2024-10-06_09-14-05,9,27.22307,27.223409999999998,0,1,0,0,2,4,10.0.1.190,2048,1024,4096,12345,0,1,1,20
2024-10-06_09-14-05,10,27.27039,27.2703,0,1,0,0,2,4,10.0.1.190,2048,1024,4096,12345,0,1,1,20
2024-10-06_09-14-05,11,27.30865,27.308690000000002,0,1,0,0,2,4,10.0.1.190,2048,1024,4096,12345,0,1,1,20
2024-10-06_09-14-05,12,27.34607,27.34441,0,1,0,0,2,4,10.0.1.190,2048,1024,4096,12345,0,1,1,20
2024-10-06_09-14-05,13,27.29197,27.2926,0,1,0,0,2,4,10.0.1.190,2048,1024,4096,12345,0,1,1,20
2024-10-06_09-14-05,14,27.23238,27.23185,0,1,0,0,2,4,10.0.1.190,2048,1024,4096,12345,0,1,1,20
2024-10-06_09-14-05,15,27.233900000000002,27.23284,0,1,0,0,2,4,10.0.1.190,2048,1024,4096,12345,0,1,1,20
2024-10-06_09-14-05,16,27.21928,27.22032,0,1,0,0,2,4,10.0.1.190,2048,1024,4096,12345,0,1,1,20
2024-10-06_09-14-05,17,27.22327,27.22232,0,1,0,0,2,4,10.0.1.190,2048,1024,4096,12345,0,1,1,20
2024-10-06_09-14-05,18,27.227130000000002,27.2273,0,1,0,0,2,4,10.0.1.190,2048,1024,4096,12345,0,1,1,20
2024-10-06_09-14-05,19,27.27052,27.26951,0,1,0,0,2,4,10.0.1.190,2048,1024,4096,12345,0,1,1,20
2024-10-06_09-14-28,1,25.75993,25.85467,0,1,0,1,2,4,10.0.1.190,2048,1024,4096,12345,0,1,1,20
2024-10-06_09-14-28,2,25.88149,25.88036,0,1,0,1,2,4,10.0.1.190,2048,1024,4096,12345,0,1,1,20
2024-10-06_09-14-28,3,25.93167,25.93108,0,1,0,1,2,4,10.0.1.190,2048,1024,4096,12345,0,1,1,20
2024-10-06_09-14-28,4,25.87724,25.87636,0,1,0,1,2,4,10.0.1.190,2048,1024,4096,12345,0,1,1,20
2024-10-06_09-14-28,5,25.78944,25.78776,0,1,0,1,2,4,10.0.1.190,2048,1024,4096,12345,0,1,1,20
2024-10-06_09-14-28,6,25.84584,25.8452,0,1,0,1,2,4,10.0.1.190,2048,1024,4096,12345,0,1,1,20
2024-10-06_09-14-28,7,25.68705,25.68672,0,1,0,1,2,4,10.0.1.190,2048,1024,4096,12345,0,1,1,20
2024-10-06_09-14-28,8,25.69888,25.69668,0,1,0,1,2,4,10.0.1.190,2048,1024,4096,12345,0,1,1,20
2024-10-06_09-14-28,9,25.970309999999998,25.972360000000002,0,1,0,1,2,4,10.0.1.190,2048,1024,4096,12345,0,1,1,20
2024-10-06_09-14-28,10,25.98479,25.98328,0,1,0,1,2,4,10.0.1.190,2048,1024,4096,12345,0,1,1,20
2024-10-06_09-14-28,11,25.97983,25.97852,0,1,0,1,2,4,10.0.1.190,2048,1024,4096,12345,0,1,1,20
2024-10-06_09-14-28,12,25.8908,25.89104,0,1,0,1,2,4,10.0.1.190,2048,1024,4096,12345,0,1,1,20
2024-10-06_09-14-28,13,25.89701,25.89732,0,1,0,1,2,4,10.0.1.190,2048,1024,4096,12345,0,1,1,20
2024-10-06_09-14-28,14,25.93472,25.93408,0,1,0,1,2,4,10.0.1.190,2048,1024,4096,12345,0,1,1,20
2024-10-06_09-14-28,15,25.95553,25.955080000000002,0,1,0,1,2,4,10.0.1.190,2048,1024,4096,12345,0,1,1,20
2024-10-06_09-14-28,16,25.91551,25.91364,0,1,0,1,2,4,10.0.1.190,2048,1024,4096,12345,0,1,1,20
2024-10-06_09-14-28,17,25.92526,25.92572,0,1,0,1,2,4,10.0.1.190,2048,1024,4096,12345,0,1,1,20
2024-10-06_09-14-28,18,25.92963,25.93028,0,1,0,1,2,4,10.0.1.190,2048,1024,4096,12345,0,1,1,20
2024-10-06_09-14-28,19,25.91543,25.91308,0,1,0,1,2,4,10.0.1.190,2048,1024,4096,12345,0,1,1,20
2024-10-06_09-15-34,1,20.90251,21.02127,1,0,0,0,2,4,10.0.1.190,2048,1024,4096,12345,0,1,1,20
2024-10-06_09-15-34,2,20.97848,20.97833,1,0,0,0,2,4,10.0.1.190,2048,1024,4096,12345,0,1,1,20
2024-10-06_09-15-34,3,20.93428,20.93518,1,0,0,0,2,4,10.0.1.190,2048,1024,4096,12345,0,1,1,20
2024-10-06_09-15-34,4,20.91808,20.91883,1,0,0,0,2,4,10.0.1.190,2048,1024,4096,12345,0,1,1,20
2024-10-06_09-15-34,5,20.969,20.96723,1,0,0,0,2,4,10.0.1.190,2048,1024,4096,12345,0,1,1,20
2024-10-06_09-15-34,6,20.98928,20.99022,1,0,0,0,2,4,10.0.1.190,2048,1024,4096,12345,0,1,1,20
2024-10-06_09-15-34,7,21.01036,21.012230000000002,1,0,0,0,2,4,10.0.1.190,2048,1024,4096,12345,0,1,1,20
2024-10-06_09-15-34,8,20.977040000000002,20.977710000000002,1,0,0,0,2,4,10.0.1.190,2048,1024,4096,12345,0,1,1,20
2024-10-06_09-15-34,9,20.9932,20.9935,1,0,0,0,2,4,10.0.1.190,2048,1024,4096,12345,0,1,1,20
2024-10-06_09-15-34,10,21.03412,21.03179,1,0,0,0,2,4,10.0.1.190,2048,1024,4096,12345,0,1,1,20
2024-10-06_09-15-34,11,21.015,21.016289999999998,1,0,0,0,2,4,10.0.1.190,2048,1024,4096,12345,0,1,1,20
2024-10-06_09-15-34,12,20.95608,20.95582,1,0,0,0,2,4,10.0.1.190,2048,1024,4096,12345,0,1,1,20
2024-10-06_09-15-34,13,20.9562,20.95619,1,0,0,0,2,4,10.0.1.190,2048,1024,4096,12345,0,1,1,20
2024-10-06_09-15-34,14,20.95408,20.95391,1,0,0,0,2,4,10.0.1.190,2048,1024,4096,12345,0,1,1,20
2024-10-06_09-15-34,15,21.026560000000003,21.02657,1,0,0,0,2,4,10.0.1.190,2048,1024,4096,12345,0,1,1,20
2024-10-06_09-15-34,16,21.0136,21.01494,1,0,0,0,2,4,10.0.1.190,2048,1024,4096,12345,0,1,1,20
2024-10-06_09-15-34,17,21.06848,21.06846,1,0,0,0,2,4,10.0.1.190,2048,1024,4096,12345,0,1,1,20
2024-10-06_09-15-34,18,21.026359999999997,21.02596,1,0,0,0,2,4,10.0.1.190,2048,1024,4096,12345,0,1,1,20
2024-10-06_09-15-34,19,21.00152,21.0017,1,0,0,0,2,4,10.0.1.190,2048,1024,4096,12345,0,1,1,20
2024-10-06_09-15-56,1,20.34447,20.45502,1,0,0,1,2,4,10.0.1.190,2048,1024,4096,12345,0,1,1,20
2024-10-06_09-15-56,2,20.419559999999997,20.42219,1,0,0,1,2,4,10.0.1.190,2048,1024,4096,12345,0,1,1,20
2024-10-06_09-15-56,3,20.39488,20.39386,1,0,0,1,2,4,10.0.1.190,2048,1024,4096,12345,0,1,1,20
2024-10-06_09-15-56,4,20.336039999999997,20.33544,1,0,0,1,2,4,10.0.1.190,2048,1024,4096,12345,0,1,1,20
2024-10-06_09-15-56,5,20.369280000000003,20.36954,1,0,0,1,2,4,10.0.1.190,2048,1024,4096,12345,0,1,1,20
2024-10-06_09-15-56,6,20.34788,20.34888,1,0,0,1,2,4,10.0.1.190,2048,1024,4096,12345,0,1,1,20
2024-10-06_09-15-56,7,20.38428,20.38629,1,0,0,1,2,4,10.0.1.190,2048,1024,4096,12345,0,1,1,20
2024-10-06_09-15-56,8,20.36024,20.3592,1,0,0,1,2,4,10.0.1.190,2048,1024,4096,12345,0,1,1,20
2024-10-06_09-15-56,9,20.455440000000003,20.45593,1,0,0,1,2,4,10.0.1.190,2048,1024,4096,12345,0,1,1,20
2024-10-06_09-15-56,10,20.401719999999997,20.40112,1,0,0,1,2,4,10.0.1.190,2048,1024,4096,12345,0,1,1,20
2024-10-06_09-15-56,11,20.42888,20.42974,1,0,0,1,2,4,10.0.1.190,2048,1024,4096,12345,0,1,1,20
2024-10-06_09-15-56,12,20.377200000000002,20.37732,1,0,0,1,2,4,10.0.1.190,2048,1024,4096,12345,0,1,1,20
2024-10-06_09-15-56,13,20.37616,20.37643,1,0,0,1,2,4,10.0.1.190,2048,1024,4096,12345,0,1,1,20
2024-10-06_09-15-56,14,20.37812,20.37602,1,0,0,1,2,4,10.0.1.190,2048,1024,4096,12345,0,1,1,20
2024-10-06_09-15-56,15,20.40384,20.40474,1,0,0,1,2,4,10.0.1.190,2048,1024,4096,12345,0,1,1,20
2024-10-06_09-15-56,16,20.32356,20.3243,1,0,0,1,2,4,10.0.1.190,2048,1024,4096,12345,0,1,1,20
2024-10-06_09-15-56,17,20.36032,20.35919,1,0,0,1,2,4,10.0.1.190,2048,1024,4096,12345,0,1,1,20
2024-10-06_09-15-56,18,20.30916,20.30948,1,0,0,1,2,4,10.0.1.190,2048,1024,4096,12345,0,1,1,20
2024-10-06_09-15-56,19,20.283,20.28568,1,0,0,1,2,4,10.0.1.190,2048,1024,4096,12345,0,1,1,20
2024-10-06_09-16-18,1,20.46433,20.50328,1,0,1,0,2,4,10.0.1.190,2048,1024,4096,12345,0,1,1,20
2024-10-06_09-16-18,2,20.464959999999998,20.465230000000002,1,0,1,0,2,4,10.0.1.190,2048,1024,4096,12345,0,1,1,20
2024-10-06_09-16-18,3,20.4606,20.46089,1,0,1,0,2,4,10.0.1.190,2048,1024,4096,12345,0,1,1,20
2024-10-06_09-16-18,4,20.37904,20.37976,1,0,1,0,2,4,10.0.1.190,2048,1024,4096,12345,0,1,1,20
2024-10-06_09-16-18,5,20.437559999999998,20.43545,1,0,1,0,2,4,10.0.1.190,2048,1024,4096,12345,0,1,1,20
2024-10-06_09-16-18,6,20.40824,20.40795,1,0,1,0,2,4,10.0.1.190,2048,1024,4096,12345,0,1,1,20
2024-10-06_09-16-18,7,20.594,20.596,1,0,1,0,2,4,10.0.1.190,2048,1024,4096,12345,0,1,1,20
2024-10-06_09-16-18,8,20.48344,20.48246,1,0,1,0,2,4,10.0.1.190,2048,1024,4096,12345,0,1,1,20
2024-10-06_09-16-18,9,20.597720000000002,20.59765,1,0,1,0,2,4,10.0.1.190,2048,1024,4096,12345,0,1,1,20
2024-10-06_09-16-18,10,20.68158,20.68304,1,0,1,0,2,4,10.0.1.190,2048,1024,4096,12345,0,1,1,20
2024-10-06_09-16-18,11,20.561799999999998,20.561510000000002,1,0,1,0,2,4,10.0.1.190,2048,1024,4096,12345,0,1,1,20
2024-10-06_09-16-18,12,20.56876,20.56897,1,0,1,0,2,4,10.0.1.190,2048,1024,4096,12345,0,1,1,20
2024-10-06_09-16-18,13,20.55304,20.55261,1,0,1,0,2,4,10.0.1.190,2048,1024,4096,12345,0,1,1,20
2024-10-06_09-16-18,14,20.671599999999998,20.670180000000002,1,0,1,0,2,4,10.0.1.190,2048,1024,4096,12345,0,1,1,20
2024-10-06_09-16-18,15,20.6998,20.70168,1,0,1,0,2,4,10.0.1.190,2048,1024,4096,12345,0,1,1,20
2024-10-06_09-16-18,16,20.645400000000002,20.64432,1,0,1,0,2,4,10.0.1.190,2048,1024,4096,12345,0,1,1,20
2024-10-06_09-16-18,17,20.61176,20.612009999999998,1,0,1,0,2,4,10.0.1.190,2048,1024,4096,12345,0,1,1,20
2024-10-06_09-16-18,18,20.5942,20.59363,1,0,1,0,2,4,10.0.1.190,2048,1024,4096,12345,0,1,1,20
2024-10-06_09-16-18,19,20.54995,20.53469,1,0,1,0,2,4,10.0.1.190,2048,1024,4096,12345,0,1,1,20
2024-10-06_09-16-40,1,21.49807,21.55817,1,0,1,1,2,4,10.0.1.190,2048,1024,4096,12345,0,1,1,20
2024-10-06_09-16-40,2,21.6562,21.65644,1,0,1,1,2,4,10.0.1.190,2048,1024,4096,12345,0,1,1,20
2024-10-06_09-16-40,3,21.57386,21.57323,1,0,1,1,2,4,10.0.1.190,2048,1024,4096,12345,0,1,1,20
2024-10-06_09-16-40,4,21.529400000000003,21.53006,1,0,1,1,2,4,10.0.1.190,2048,1024,4096,12345,0,1,1,20
2024-10-06_09-16-40,5,21.53428,21.53447,1,0,1,1,2,4,10.0.1.190,2048,1024,4096,12345,0,1,1,20
2024-10-06_09-16-40,6,21.63936,21.63995,1,0,1,1,2,4,10.0.1.190,2048,1024,4096,12345,0,1,1,20
2024-10-06_09-16-40,7,21.66056,21.65965,1,0,1,1,2,4,10.0.1.190,2048,1024,4096,12345,0,1,1,20
2024-10-06_09-16-40,8,21.59932,21.59956,1,0,1,1,2,4,10.0.1.190,2048,1024,4096,12345,0,1,1,20
2024-10-06_09-16-40,9,21.66048,21.66018,1,0,1,1,2,4,10.0.1.190,2048,1024,4096,12345,0,1,1,20
2024-10-06_09-16-40,10,21.716,21.71643,1,0,1,1,2,4,10.0.1.190,2048,1024,4096,12345,0,1,1,20
2024-10-06_09-16-40,11,21.6146,21.61478,1,0,1,1,2,4,10.0.1.190,2048,1024,4096,12345,0,1,1,20
2024-10-06_09-16-40,12,21.57788,21.57771,1,0,1,1,2,4,10.0.1.190,2048,1024,4096,12345,0,1,1,20
2024-10-06_09-16-40,13,21.59628,21.596339999999998,1,0,1,1,2,4,10.0.1.190,2048,1024,4096,12345,0,1,1,20
2024-10-06_09-16-40,14,21.46148,21.4618,1,0,1,1,2,4,10.0.1.190,2048,1024,4096,12345,0,1,1,20
2024-10-06_09-16-40,15,21.52268,21.5223,1,0,1,1,2,4,10.0.1.190,2048,1024,4096,12345,0,1,1,20
2024-10-06_09-16-40,16,21.4428,21.44324,1,0,1,1,2,4,10.0.1.190,2048,1024,4096,12345,0,1,1,20
2024-10-06_09-16-40,17,21.46086,21.46049,1,0,1,1,2,4,10.0.1.190,2048,1024,4096,12345,0,1,1,20
2024-10-06_09-16-40,18,21.52928,21.52923,1,0,1,1,2,4,10.0.1.190,2048,1024,4096,12345,0,1,1,20
2024-10-06_09-16-40,19,21.55232,21.55219,1,0,1,1,2,4,10.0.1.190,2048,1024,4096,12345,0,1,1,20
2024-10-06_09-17-02,1,26.34033,26.34523,1,1,0,0,2,4,10.0.1.190,2048,1024,4096,12345,0,1,1,20
2024-10-06_09-17-02,2,26.39455,26.39392,1,1,0,0,2,4,10.0.1.190,2048,1024,4096,12345,0,1,1,20
2024-10-06_09-17-02,3,26.47046,26.47,1,1,0,0,2,4,10.0.1.190,2048,1024,4096,12345,0,1,1,20
2024-10-06_09-17-02,4,26.30655,26.30556,1,1,0,0,2,4,10.0.1.190,2048,1024,4096,12345,0,1,1,20
2024-10-06_09-17-02,5,26.11206,26.11128,1,1,0,0,2,4,10.0.1.190,2048,1024,4096,12345,0,1,1,20
2024-10-06_09-17-02,6,26.01174,26.0116,1,1,0,0,2,4,10.0.1.190,2048,1024,4096,12345,0,1,1,20
2024-10-06_09-17-02,7,26.10015,26.099359999999997,1,1,0,0,2,4,10.0.1.190,2048,1024,4096,12345,0,1,1,20
2024-10-06_09-17-02,8,26.0439,26.04308,1,1,0,0,2,4,10.0.1.190,2048,1024,4096,12345,0,1,1,20
2024-10-06_09-17-02,9,25.986539999999998,25.9858,1,1,0,0,2,4,10.0.1.190,2048,1024,4096,12345,0,1,1,20
2024-10-06_09-17-02,10,26.03967,26.03888,1,1,0,0,2,4,10.0.1.190,2048,1024,4096,12345,0,1,1,20
2024-10-06_09-17-02,11,26.11787,26.11728,1,1,0,0,2,4,10.0.1.190,2048,1024,4096,12345,0,1,1,20
2024-10-06_09-17-02,12,26.1138,26.1132,1,1,0,0,2,4,10.0.1.190,2048,1024,4096,12345,0,1,1,20
2024-10-06_09-17-02,13,26.11667,26.11576,1,1,0,0,2,4,10.0.1.190,2048,1024,4096,12345,0,1,1,20
2024-10-06_09-17-02,14,26.10988,26.11008,1,1,0,0,2,4,10.0.1.190,2048,1024,4096,12345,0,1,1,20
2024-10-06_09-17-02,15,26.12956,26.128999999999998,1,1,0,0,2,4,10.0.1.190,2048,1024,4096,12345,0,1,1,20
2024-10-06_09-17-02,16,26.10031,26.1,1,1,0,0,2,4,10.0.1.190,2048,1024,4096,12345,0,1,1,20
2024-10-06_09-17-02,17,26.10042,26.099400000000003,1,1,0,0,2,4,10.0.1.190,2048,1024,4096,12345,0,1,1,20
2024-10-06_09-17-02,18,25.94672,25.94504,1,1,0,0,2,4,10.0.1.190,2048,1024,4096,12345,0,1,1,20
2024-10-06_09-17-02,19,26.09869,26.0986,1,1,0,0,2,4,10.0.1.190,2048,1024,4096,12345,0,1,1,20
2024-10-06_09-17-24,1,25.94435,25.97662,1,1,0,1,2,4,10.0.1.190,2048,1024,4096,12345,0,1,1,20
2024-10-06_09-17-24,2,25.98635,25.98396,1,1,0,1,2,4,10.0.1.190,2048,1024,4096,12345,0,1,1,20
2024-10-06_09-17-24,3,25.68656,25.68508,1,1,0,1,2,4,10.0.1.190,2048,1024,4096,12345,0,1,1,20
2024-10-06_09-17-24,4,25.65137,25.64972,1,1,0,1,2,4,10.0.1.190,2048,1024,4096,12345,0,1,1,20
2024-10-06_09-17-24,5,26.02607,26.02744,1,1,0,1,2,4,10.0.1.190,2048,1024,4096,12345,0,1,1,20
2024-10-06_09-17-24,6,26.12283,26.12116,1,1,0,1,2,4,10.0.1.190,2048,1024,4096,12345,0,1,1,20
2024-10-06_09-17-24,7,26.16216,26.16244,1,1,0,1,2,4,10.0.1.190,2048,1024,4096,12345,0,1,1,20
2024-10-06_09-17-24,8,26.18455,26.18468,1,1,0,1,2,4,10.0.1.190,2048,1024,4096,12345,0,1,1,20
2024-10-06_09-17-24,9,26.11709,26.1164,1,1,0,1,2,4,10.0.1.190,2048,1024,4096,12345,0,1,1,20
2024-10-06_09-17-24,10,26.07126,26.0708,1,1,0,1,2,4,10.0.1.190,2048,1024,4096,12345,0,1,1,20
2024-10-06_09-17-24,11,25.98373,25.98296,1,1,0,1,2,4,10.0.1.190,2048,1024,4096,12345,0,1,1,20
2024-10-06_09-17-24,12,26.08434,26.083759999999998,1,1,0,1,2,4,10.0.1.190,2048,1024,4096,12345,0,1,1,20
2024-10-06_09-17-24,13,25.65677,25.65412,1,1,0,1,2,4,10.0.1.190,2048,1024,4096,12345,0,1,1,20
2024-10-06_09-17-24,14,25.543219999999998,25.54252,1,1,0,1,2,4,10.0.1.190,2048,1024,4096,12345,0,1,1,20
2024-10-06_09-17-24,15,25.893,25.89264,1,1,0,1,2,4,10.0.1.190,2048,1024,4096,12345,0,1,1,20
2024-10-06_09-17-24,16,25.9144,25.91308,1,1,0,1,2,4,10.0.1.190,2048,1024,4096,12345,0,1,1,20
2024-10-06_09-17-24,17,25.95603,25.955080000000002,1,1,0,1,2,4,10.0.1.190,2048,1024,4096,12345,0,1,1,20
2024-10-06_09-17-24,18,25.70595,25.70468,1,1,0,1,2,4,10.0.1.190,2048,1024,4096,12345,0,1,1,20
2024-10-06_09-17-24,19,25.68787,25.68836,1,1,0,1,2,4,10.0.1.190,2048,1024,4096,12345,0,1,1,20
2024-10-06_09-17-46,1,28.32059,28.33587,1,1,1,0,2,4,10.0.1.190,2048,1024,4096,12345,0,1,1,20
2024-10-06_09-17-46,2,28.63383,28.63285,1,1,1,0,2,4,10.0.1.190,2048,1024,4096,12345,0,1,1,20
2024-10-06_09-17-46,3,28.54206,28.54148,1,1,1,0,2,4,10.0.1.190,2048,1024,4096,12345,0,1,1,20
2024-10-06_09-17-46,4,29.0023,29.00152,1,1,1,0,2,4,10.0.1.190,2048,1024,4096,12345,0,1,1,20
2024-10-06_09-17-46,5,28.939799999999998,28.94076,1,1,1,0,2,4,10.0.1.190,2048,1024,4096,12345,0,1,1,20
2024-10-06_09-17-46,6,28.80792,28.80595,1,1,1,0,2,4,10.0.1.190,2048,1024,4096,12345,0,1,1,20
2024-10-06_09-17-46,7,28.77003,28.76966,1,1,1,0,2,4,10.0.1.190,2048,1024,4096,12345,0,1,1,20
2024-10-06_09-17-46,8,28.60344,28.602600000000002,1,1,1,0,2,4,10.0.1.190,2048,1024,4096,12345,0,1,1,20
2024-10-06_09-17-46,9,28.54418,28.5454,1,1,1,0,2,4,10.0.1.190,2048,1024,4096,12345,0,1,1,20
2024-10-06_09-17-46,10,28.47355,28.47078,1,1,1,0,2,4,10.0.1.190,2048,1024,4096,12345,0,1,1,20
2024-10-06_09-17-46,11,28.36052,28.3608,1,1,1,0,2,4,10.0.1.190,2048,1024,4096,12345,0,1,1,20
2024-10-06_09-17-46,12,28.39201,28.39011,1,1,1,0,2,4,10.0.1.190,2048,1024,4096,12345,0,1,1,20
2024-10-06_09-17-46,13,28.45483,28.45476,1,1,1,0,2,4,10.0.1.190,2048,1024,4096,12345,0,1,1,20
2024-10-06_09-17-46,14,28.43373,28.43433,1,1,1,0,2,4,10.0.1.190,2048,1024,4096,12345,0,1,1,20
2024-10-06_09-17-46,15,28.49396,28.49084,1,1,1,0,2,4,10.0.1.190,2048,1024,4096,12345,0,1,1,20
2024-10-06_09-17-46,16,28.47344,28.473039999999997,1,1,1,0,2,4,10.0.1.190,2048,1024,4096,12345,0,1,1,20
2024-10-06_09-17-46,17,28.63737,28.63768,1,1,1,0,2,4,10.0.1.190,2048,1024,4096,12345,0,1,1,20
2024-10-06_09-17-46,18,28.45563,28.45455,1,1,1,0,2,4,10.0.1.190,2048,1024,4096,12345,0,1,1,20
2024-10-06_09-17-46,19,28.55502,28.554479999999998,1,1,1,0,2,4,10.0.1.190,2048,1024,4096,12345,0,1,1,20
2024-10-06_09-18-08,1,26.31952,26.32356,1,1,1,1,2,4,10.0.1.190,2048,1024,4096,12345,0,1,1,20
2024-10-06_09-18-08,2,27.44575,27.44761,1,1,1,1,2,4,10.0.1.190,2048,1024,4096,12345,0,1,1,20
2024-10-06_09-18-08,3,27.94684,27.97429,1,1,1,1,2,4,10.0.1.190,2048,1024,4096,12345,0,1,1,20
2024-10-06_09-18-08,4,27.98451,27.98542,1,1,1,1,2,4,10.0.1.190,2048,1024,4096,12345,0,1,1,20
2024-10-06_09-18-08,5,28.15238,28.15176,1,1,1,1,2,4,10.0.1.190,2048,1024,4096,12345,0,1,1,20
2024-10-06_09-18-08,6,28.1547,28.15481,1,1,1,1,2,4,10.0.1.190,2048,1024,4096,12345,0,1,1,20
2024-10-06_09-18-08,7,28.19273,28.19275,1,1,1,1,2,4,10.0.1.190,2048,1024,4096,12345,0,1,1,20
2024-10-06_09-18-08,8,27.993000000000002,27.99294,1,1,1,1,2,4,10.0.1.190,2048,1024,4096,12345,0,1,1,20
2024-10-06_09-18-08,9,28.03445,28.03618,1,1,1,1,2,4,10.0.1.190,2048,1024,4096,12345,0,1,1,20
2024-10-06_09-18-08,10,28.05323,28.05001,1,1,1,1,2,4,10.0.1.190,2048,1024,4096,12345,0,1,1,20
2024-10-06_09-18-08,11,28.04399,28.04508,1,1,1,1,2,4,10.0.1.190,2048,1024,4096,12345,0,1,1,20
2024-10-06_09-18-08,12,27.95852,27.95966,1,1,1,1,2,4,10.0.1.190,2048,1024,4096,12345,0,1,1,20
2024-10-06_09-18-08,13,27.98868,27.98892,1,1,1,1,2,4,10.0.1.190,2048,1024,4096,12345,0,1,1,20
2024-10-06_09-18-08,14,28.00235,28.00144,1,1,1,1,2,4,10.0.1.190,2048,1024,4096,12345,0,1,1,20
2024-10-06_09-18-08,15,28.03104,28.0314,1,1,1,1,2,4,10.0.1.190,2048,1024,4096,12345,0,1,1,20
2024-10-06_09-18-08,16,27.945439999999998,27.94623,1,1,1,1,2,4,10.0.1.190,2048,1024,4096,12345,0,1,1,20
2024-10-06_09-18-08,17,27.9716,27.97028,1,1,1,1,2,4,10.0.1.190,2048,1024,4096,12345,0,1,1,20
2024-10-06_09-18-08,18,27.98272,27.98352,1,1,1,1,2,4,10.0.1.190,2048,1024,4096,12345,0,1,1,20
2024-10-06_09-18-08,19,27.97184,27.97021,1,1,1,1,2,4,10.0.1.190,2048,1024,4096,12345,0,1,1,20
