PAGE_SIZE,RING_SIZE,NUM_REQUESTS,CLIENT_THREADS,AverageRate(it/s),AverageGbps
16,128,1048576,1,501162.86,0.26
16,128,1048576,2,967431.13,0.50
16,128,1048576,4,1635658.65,0.84
16,128,1048576,8,2800386.59,1.43
16,128,1048576,16,4818717.21,2.47
16,128,1048576,32,6063179.78,3.10
16,128,1048576,64,7357029.98,3.77
16,128,1048576,128,7130926.11,3.65
16,128,1048576,256,6425629.33,3.29
16,256,1048576,1,576893.19,0.30
16,256,1048576,2,912036.85,0.47
16,256,1048576,4,1751069.32,0.90
16,256,1048576,8,3500519.59,1.79
16,256,1048576,16,4837268.53,2.48
16,256,1048576,32,8660553.32,4.43
16,256,1048576,64,7479670.96,3.83
16,256,1048576,128,6582106.65,3.37
16,256,1048576,256,6907113.54,3.54
16,384,1048576,1,642792.03,0.33
16,384,1048576,2,978036.72,0.50
16,384,1048576,4,2495566.06,1.28
16,384,1048576,8,3887119.76,1.99
16,384,1048576,16,6040463.15,3.09
16,384,1048576,32,8284340.95,4.24
16,384,1048576,64,6502963.78,3.33
16,384,1048576,128,7662099.27,3.92
16,384,1048576,256,7050515.44,3.61
16,512,1048576,1,660117.38,0.34
16,512,1048576,2,995284.58,0.51
16,512,1048576,4,1948508.15,1.00
16,512,1048576,8,3918253.13,2.01
16,512,1048576,16,5986123.19,3.06
16,512,1048576,32,8358686.84,4.28
16,512,1048576,64,7833020.56,4.01
16,512,1048576,128,8103265.38,4.15
16,512,1048576,256,6786192.29,3.47
16,640,1048576,1,677051.24,0.35
16,640,1048576,2,1032653.01,0.53
16,640,1048576,4,2059864.55,1.05
16,640,1048576,8,3550362.93,1.82
16,640,1048576,16,5950616.21,3.05
16,640,1048576,32,7963327.63,4.08
16,640,1048576,64,7390609.85,3.78
16,640,1048576,128,7912517.40,4.05
16,640,1048576,256,6125622.08,3.14
16,768,1048576,1,683557.68,0.35
16,768,1048576,2,1061938.23,0.54
16,768,1048576,4,1920991.59,0.98
16,768,1048576,8,4086159.55,2.09
16,768,1048576,16,5872571.66,3.01
16,768,1048576,32,7738892.96,3.96
16,768,1048576,64,7704946.61,3.94
16,768,1048576,128,7043994.68,3.61
16,768,1048576,256,6910593.21,3.54
16,896,1048576,1,691128.43,0.35
16,896,1048576,2,1060416.56,0.54
16,896,1048576,4,2110284.43,1.08
16,896,1048576,8,3953072.00,2.02
16,896,1048576,16,6223972.17,3.19
16,896,1048576,32,7690402.11,3.94
16,896,1048576,64,7875026.79,4.03
16,896,1048576,128,8122196.89,4.16
16,896,1048576,256,6784623.91,3.47
16,1024,1048576,1,688465.34,0.35
16,1024,1048576,2,1068590.07,0.55
16,1024,1048576,4,2163901.87,1.11
16,1024,1048576,8,4152537.82,2.13
16,1024,1048576,16,6524161.35,3.34
16,1024,1048576,32,8724758.57,4.47
16,1024,1048576,64,7784313.37,3.99
16,1024,1048576,128,8378054.00,4.29
16,1024,1048576,256,7054542.54,3.61
32,128,1048576,1,498308.96,0.51
32,128,1048576,2,790524.89,0.81
32,128,1048576,4,1759400.62,1.80
32,128,1048576,8,2972191.25,3.04
32,128,1048576,16,4728304.64,4.84
32,128,1048576,32,7217016.73,7.39
32,128,1048576,64,5663858.73,5.80
32,128,1048576,128,6918959.41,7.09
32,128,1048576,256,5684230.67,5.82
32,256,1048576,1,588122.62,0.60
32,256,1048576,2,913248.90,0.94
32,256,1048576,4,1790557.10,1.83
32,256,1048576,8,3555412.84,3.64
32,256,1048576,16,5436051.19,5.57
32,256,1048576,32,6688866.10,6.85
32,256,1048576,64,7585715.92,7.77
32,256,1048576,128,7629903.13,7.81
32,256,1048576,256,6602451.71,6.76
32,384,1048576,1,630841.01,0.65
32,384,1048576,2,975253.39,1.00
32,384,1048576,4,2354578.01,2.41
32,384,1048576,8,3713852.17,3.80
32,384,1048576,16,5767498.88,5.91
32,384,1048576,32,8590303.52,8.80
32,384,1048576,64,8279506.43,8.48
32,384,1048576,128,7388026.53,7.57
32,384,1048576,256,6406591.47,6.56
32,512,1048576,1,657907.23,0.67
32,512,1048576,2,999790.25,1.02
32,512,1048576,4,1979580.49,2.03
32,512,1048576,8,3950097.22,4.04
32,512,1048576,16,7511354.77,7.69
32,512,1048576,32,8308458.56,8.51
32,512,1048576,64,6188770.11,6.34
32,512,1048576,128,6691300.14,6.85
32,512,1048576,256,6388880.76,6.54
32,640,1048576,1,662455.78,0.68
32,640,1048576,2,966693.15,0.99
32,640,1048576,4,2012300.82,2.06
32,640,1048576,8,4023068.05,4.12
32,640,1048576,16,6115072.16,6.26
32,640,1048576,32,9086108.26,9.30
32,640,1048576,64,6593126.54,6.75
32,640,1048576,128,6626068.82,6.79
32,640,1048576,256,6571152.45,6.73
32,768,1048576,1,681957.58,0.70
32,768,1048576,2,1026491.63,1.05
32,768,1048576,4,1892621.56,1.94
32,768,1048576,8,3970214.82,4.07
32,768,1048576,16,5717404.72,5.85
32,768,1048576,32,7728691.80,7.91
32,768,1048576,64,8097998.06,8.29
32,768,1048576,128,7593715.54,7.78
32,768,1048576,256,5495390.24,5.63
32,896,1048576,1,692371.99,0.71
32,896,1048576,2,1068122.05,1.09
32,896,1048576,4,2123651.66,2.17
32,896,1048576,8,3540435.98,3.63
32,896,1048576,16,6175310.11,6.32
32,896,1048576,32,6438477.13,6.59
32,896,1048576,64,8180285.32,8.38
32,896,1048576,128,7613388.04,7.80
32,896,1048576,256,7594088.41,7.78
32,1024,1048576,1,692289.73,0.71
32,1024,1048576,2,1063067.89,1.09
32,1024,1048576,4,2139205.83,2.19
32,1024,1048576,8,3384618.75,3.47
32,1024,1048576,16,6794956.78,6.96
32,1024,1048576,32,8647847.78,8.86
32,1024,1048576,64,11566630.51,11.84
32,1024,1048576,128,8769627.33,8.98
32,1024,1048576,256,7889182.30,8.08
64,128,1048576,1,499171.19,1.02
64,128,1048576,2,959312.55,1.96
64,128,1048576,4,1505750.79,3.08
64,128,1048576,8,2395608.27,4.91
64,128,1048576,16,5081674.67,10.41
64,128,1048576,32,5899218.79,12.08
64,128,1048576,64,6194808.76,12.69
64,128,1048576,128,7264830.19,14.88
64,128,1048576,256,5051708.01,10.35
64,256,1048576,1,591849.91,1.21
64,256,1048576,2,1120524.72,2.29
64,256,1048576,4,1688919.23,3.46
64,256,1048576,8,2993145.77,6.13
64,256,1048576,16,4808751.03,9.85
64,256,1048576,32,6715555.70,13.75
64,256,1048576,64,8740916.30,17.90
64,256,1048576,128,7267209.45,14.88
64,256,1048576,256,5544655.38,11.36
64,384,1048576,1,613297.87,1.26
64,384,1048576,2,941429.85,1.93
64,384,1048576,4,1796352.42,3.68
64,384,1048576,8,2708345.08,5.55
64,384,1048576,16,5031913.46,10.31
64,384,1048576,32,7143392.17,14.63
64,384,1048576,64,7714260.60,15.80
64,384,1048576,128,6482246.19,13.28
64,384,1048576,256,6151946.16,12.60
64,512,1048576,1,640677.13,1.31
64,512,1048576,2,943341.76,1.93
64,512,1048576,4,1965838.48,4.03
64,512,1048576,8,3816816.59,7.82
64,512,1048576,16,5879120.28,12.04
64,512,1048576,32,8828317.09,18.08
64,512,1048576,64,11606196.05,23.77
64,512,1048576,128,11326144.64,23.20
64,512,1048576,256,8997225.77,18.43
64,640,1048576,1,663848.80,1.36
64,640,1048576,2,981607.17,2.01
64,640,1048576,4,1958270.00,4.01
64,640,1048576,8,3997577.50,8.19
64,640,1048576,16,6772874.22,13.87
64,640,1048576,32,6415157.14,13.14
64,640,1048576,64,8402448.72,17.21
64,640,1048576,128,9173618.70,18.79
64,640,1048576,256,9545296.75,19.55
64,768,1048576,1,648382.04,1.33
64,768,1048576,2,995097.54,2.04
64,768,1048576,4,1948678.61,3.99
64,768,1048576,8,3929417.84,8.05
64,768,1048576,16,7310526.02,14.97
64,768,1048576,32,8173057.98,16.74
64,768,1048576,64,11632959.16,23.82
64,768,1048576,128,7863736.49,16.10
64,768,1048576,256,9122289.91,18.68
64,896,1048576,1,662322.24,1.36
64,896,1048576,2,1025289.38,2.10
64,896,1048576,4,1965163.09,4.02
64,896,1048576,8,3935240.74,8.06
64,896,1048576,16,7437569.50,15.23
64,896,1048576,32,7832180.63,16.04
64,896,1048576,64,9782522.99,20.03
64,896,1048576,128,8610791.64,17.63
64,896,1048576,256,9140313.77,18.72
64,1024,1048576,1,516330.46,1.06
64,1024,1048576,2,991735.39,2.03
64,1024,1048576,4,1865015.48,3.82
64,1024,1048576,8,4157562.57,8.51
64,1024,1048576,16,5227956.75,10.71
64,1024,1048576,32,6888552.60,14.11
64,1024,1048576,64,7288423.25,14.93
64,1024,1048576,128,8157176.00,16.71
64,1024,1048576,256,6285421.61,12.87
128,128,1048576,1,381714.74,1.56
128,128,1048576,2,760264.19,3.11
128,128,1048576,4,1525702.01,6.25
128,128,1048576,8,2690604.13,11.02
128,128,1048576,16,4102740.56,16.80
128,128,1048576,32,5489041.99,22.48
128,128,1048576,64,6050370.14,24.78
128,128,1048576,128,5201786.90,21.31
128,128,1048576,256,5550302.40,22.73
128,256,1048576,1,579763.64,2.37
128,256,1048576,2,1122364.56,4.60
128,256,1048576,4,1643421.90,6.73
128,256,1048576,8,3542818.96,14.51
128,256,1048576,16,5721719.77,23.44
128,256,1048576,32,7583121.28,31.06
128,256,1048576,64,8542713.35,34.99
128,256,1048576,128,9135334.08,37.42
128,256,1048576,256,6084826.88,24.92
128,384,1048576,1,610407.69,2.50
128,384,1048576,2,987568.27,4.05
128,384,1048576,4,1722222.80,7.05
128,384,1048576,8,2706017.90,11.08
128,384,1048576,16,5304914.93,21.73
128,384,1048576,32,6776502.64,27.76
128,384,1048576,64,6450801.12,26.42
128,384,1048576,128,7655895.67,31.36
128,384,1048576,256,6759837.31,27.69
128,512,1048576,1,554571.59,2.27
128,512,1048576,2,907699.31,3.72
128,512,1048576,4,1715885.10,7.03
128,512,1048576,8,2957020.32,12.11
128,512,1048576,16,4569884.13,18.72
128,512,1048576,32,6629582.05,27.15
128,512,1048576,64,5277652.98,21.62
128,512,1048576,128,7649924.27,31.33
128,512,1048576,256,4938576.78,20.23
128,640,1048576,1,546971.16,2.24
128,640,1048576,2,400986.80,1.64
128,640,1048576,4,431171.03,1.77
128,640,1048576,8,1639660.16,6.72
128,640,1048576,16,3074608.93,12.59
128,640,1048576,32,4399259.15,18.02
128,640,1048576,64,4104054.95,16.81
128,640,1048576,128,5454855.86,22.34
128,640,1048576,256,5575811.48,22.84
128,768,1048576,1,647963.90,2.65
128,768,1048576,2,361409.84,1.48
128,768,1048576,4,2383631.43,9.76
128,768,1048576,8,1251710.74,5.13
128,768,1048576,16,1949156.98,7.98
128,768,1048576,32,2646000.31,10.84
128,768,1048576,64,4582181.78,18.77
128,768,1048576,128,6005392.46,24.60
128,768,1048576,256,5928652.75,24.28
128,896,1048576,1,666992.31,2.73
128,896,1048576,2,542942.96,2.22
128,896,1048576,4,853271.26,3.49
128,896,1048576,8,1262574.37,5.17
128,896,1048576,16,2281137.52,9.34
128,896,1048576,32,2936676.59,12.03
128,896,1048576,64,4988687.99,20.43
128,896,1048576,128,5814829.38,23.82
128,896,1048576,256,6077463.48,24.89
128,1024,1048576,1,239386.15,0.98
128,1024,1048576,2,473478.74,1.94
128,1024,1048576,4,712101.23,2.92
128,1024,1048576,8,1382748.95,5.66
128,1024,1048576,16,2489586.50,10.20
128,1024,1048576,32,2977926.04,12.20
128,1024,1048576,64,5302607.59,21.72
128,1024,1048576,128,5577510.17,22.85
128,1024,1048576,256,5307899.38,21.74
256,128,1048576,1,493558.27,4.04
256,128,1048576,2,773412.69,6.34
256,128,1048576,4,1417479.95,11.61
256,128,1048576,8,2990572.77,24.50
256,128,1048576,16,4744510.58,38.87
256,128,1048576,32,4623423.66,37.88
256,128,1048576,64,6796057.20,55.67
256,128,1048576,128,7026059.70,57.56
256,128,1048576,256,6212735.55,50.89
256,256,1048576,1,326132.60,2.67
256,256,1048576,2,343942.10,2.82
256,256,1048576,4,990546.34,8.11
256,256,1048576,8,1823772.34,14.94
256,256,1048576,16,3105594.51,25.44
256,256,1048576,32,3839155.73,31.45
256,256,1048576,64,4237060.14,34.71
256,256,1048576,128,4619957.99,37.85
256,256,1048576,256,4913762.23,40.25
256,384,1048576,1,450096.88,3.69
256,384,1048576,2,124259.25,1.02
256,384,1048576,4,240391.29,1.97
256,384,1048576,8,426926.35,3.50
256,384,1048576,16,788787.20,6.46
256,384,1048576,32,1522292.88,12.47
256,384,1048576,64,2980086.25,24.41
256,384,1048576,128,4727193.42,38.73
256,384,1048576,256,5382079.69,44.09
256,512,1048576,1,197927.34,1.62
256,512,1048576,2,220303.12,1.80
256,512,1048576,4,342305.12,2.80
256,512,1048576,8,877809.86,7.19
256,512,1048576,16,969485.63,7.94
256,512,1048576,32,1619062.15,13.26
256,512,1048576,64,3409020.94,27.93
256,512,1048576,128,4258283.24,34.88
256,512,1048576,256,4445578.54,36.42
256,640,1048576,1,200544.91,1.64
256,640,1048576,2,387126.92,3.17
256,640,1048576,4,612558.23,5.02
256,640,1048576,8,721911.26,5.91
256,640,1048576,16,1830620.73,15.00
256,640,1048576,32,3191675.31,26.15
256,640,1048576,64,4197437.71,34.39
256,640,1048576,128,4539658.35,37.19
256,640,1048576,256,4512568.10,36.97
256,768,1048576,1,180242.22,1.48
256,768,1048576,2,309100.03,2.53
256,768,1048576,4,532855.01,4.37
256,768,1048576,8,1990939.14,16.31
256,768,1048576,16,2878062.43,23.58
256,768,1048576,32,4822084.20,39.50
256,768,1048576,64,4081534.23,33.44
256,768,1048576,128,4641460.18,38.02
256,768,1048576,256,5285602.17,43.30
256,896,1048576,1,147057.94,1.20
256,896,1048576,2,320121.03,2.62
256,896,1048576,4,668301.12,5.47
256,896,1048576,8,2122823.50,17.39
256,896,1048576,16,3213286.41,26.32
256,896,1048576,32,4314254.89,35.34
256,896,1048576,64,5442191.59,44.58
256,896,1048576,128,5359856.98,43.91
256,896,1048576,256,5599416.94,45.87
256,1024,1048576,1,203892.17,1.67
256,1024,1048576,2,391889.11,3.21
256,1024,1048576,4,813963.98,6.67
256,1024,1048576,8,1367195.20,11.20
256,1024,1048576,16,2858258.94,23.41
256,1024,1048576,32,3001846.54,24.59
256,1024,1048576,64,6593234.65,54.01
256,1024,1048576,128,5180044.63,42.43
256,1024,1048576,256,5956657.92,48.80
512,128,1048576,1,219030.95,3.59
512,128,1048576,2,465408.22,7.63
512,128,1048576,4,981763.41,16.09
512,128,1048576,8,1308078.66,21.43
512,128,1048576,16,2671452.98,43.77
512,128,1048576,32,2080749.18,34.09
512,128,1048576,64,2667743.80,43.71
512,128,1048576,128,4152715.02,68.04
512,128,1048576,256,3641081.52,59.66
512,256,1048576,1,504494.49,8.27
512,256,1048576,2,152660.95,2.50
512,256,1048576,4,338098.83,5.54
512,256,1048576,8,655344.98,10.74
512,256,1048576,16,1064000.74,17.43
512,256,1048576,32,1681597.60,27.55
512,256,1048576,64,2675312.79,43.83
512,256,1048576,128,4168577.08,68.30
512,256,1048576,256,3074347.87,50.37
512,384,1048576,1,64001.10,1.05
512,384,1048576,2,147697.98,2.42
512,384,1048576,4,194894.10,3.19
512,384,1048576,8,368802.53,6.04
512,384,1048576,16,731037.91,11.98
512,384,1048576,32,1649548.87,27.03
512,384,1048576,64,2391057.31,39.18
512,384,1048576,128,3834678.13,62.83
512,384,1048576,256,4051547.00,66.38
512,512,1048576,1,78536.96,1.29
512,512,1048576,2,143864.12,2.36
512,512,1048576,4,347382.81,5.69
512,512,1048576,8,465419.27,7.63
512,512,1048576,16,874408.11,14.33
512,512,1048576,32,1647899.83,27.00
512,512,1048576,64,2916300.06,47.78
512,512,1048576,128,4345128.36,71.19
512,512,1048576,256,4378855.43,71.74
512,640,1048576,1,78719.26,1.29
512,640,1048576,2,126056.55,2.07
512,640,1048576,4,293408.20,4.81
512,640,1048576,8,356572.88,5.84
512,640,1048576,16,1327536.78,21.75
512,640,1048576,32,2179172.84,35.70
512,640,1048576,64,5340071.87,87.49
512,640,1048576,128,5068004.18,83.03
512,640,1048576,256,3619855.49,59.31
512,768,1048576,1,81868.90,1.34
512,768,1048576,2,225118.40,3.69
512,768,1048576,4,440211.79,7.21
512,768,1048576,8,2401685.16,39.35
512,768,1048576,16,1917206.82,31.41
512,768,1048576,32,2363355.36,38.72
512,768,1048576,64,5404661.21,88.55
512,768,1048576,128,3054446.04,50.04
512,768,1048576,256,3956083.21,64.82
512,896,1048576,1,333064.14,5.46
512,896,1048576,2,299246.09,4.90
512,896,1048576,4,788750.69,12.92
512,896,1048576,8,1596437.25,26.16
512,896,1048576,16,2224833.11,36.45
512,896,1048576,32,3109785.48,50.95
512,896,1048576,64,5332297.40,87.36
512,896,1048576,128,5201578.01,85.22
512,896,1048576,256,4469608.73,73.23
512,1024,1048576,1,198191.21,3.25
512,1024,1048576,2,433581.34,7.10
512,1024,1048576,4,815116.82,13.35
512,1024,1048576,8,2029557.44,33.25
512,1024,1048576,16,2416290.64,39.59
512,1024,1048576,32,3184410.82,52.17
512,1024,1048576,64,5164761.87,84.62
512,1024,1048576,128,5432940.31,89.01
512,1024,1048576,256,4044514.66,66.27
1024,128,1048576,1,320102.80,10.49
1024,128,1048576,2,198854.60,6.52
1024,128,1048576,4,328301.30,10.76
1024,128,1048576,8,795912.67,26.08
1024,128,1048576,16,1418536.78,46.48
1024,128,1048576,32,1990472.35,65.22
1024,128,1048576,64,1085257.96,35.56
1024,128,1048576,128,3859359.28,126.46
1024,128,1048576,256,1977541.58,64.80
1024,256,1048576,1,31585.58,1.03
1024,256,1048576,2,60597.73,1.99
1024,256,1048576,4,95996.99,3.15
1024,256,1048576,8,191155.91,6.26
1024,256,1048576,16,378967.09,12.42
1024,256,1048576,32,580871.92,19.03
1024,256,1048576,64,1359033.87,44.53
1024,256,1048576,128,1909657.28,62.58
1024,256,1048576,256,2220719.38,72.77
1024,384,1048576,1,92813.38,3.04
1024,384,1048576,2,169798.25,5.56
1024,384,1048576,4,278062.74,9.11
1024,384,1048576,8,570018.40,18.68
1024,384,1048576,16,968948.54,31.75
1024,384,1048576,32,2010823.20,65.89
1024,384,1048576,64,2422845.24,79.39
1024,384,1048576,128,3606337.95,118.17
1024,384,1048576,256,3610694.42,118.32
1024,512,1048576,1,160169.31,5.25
1024,512,1048576,2,260141.82,8.52
1024,512,1048576,4,520463.59,17.05
1024,512,1048576,8,742401.26,24.33
1024,512,1048576,16,2704357.59,88.62
1024,512,1048576,32,1784892.61,58.49
1024,512,1048576,64,2204617.32,72.24
1024,512,1048576,128,3958900.64,129.73
1024,512,1048576,256,3662797.74,120.02
1024,640,1048576,1,117129.21,3.84
1024,640,1048576,2,176376.80,5.78
1024,640,1048576,4,355094.86,11.64
1024,640,1048576,8,869225.02,28.48
1024,640,1048576,16,750010.03,24.58
1024,640,1048576,32,3099044.90,101.55
1024,640,1048576,64,2275317.58,74.56
1024,640,1048576,128,3381972.39,110.82
1024,640,1048576,256,3718803.16,121.86
1024,768,1048576,1,113496.08,3.72
1024,768,1048576,2,515656.87,16.90
1024,768,1048576,4,319985.95,10.49
1024,768,1048576,8,681444.52,22.33
1024,768,1048576,16,1328125.80,43.52
1024,768,1048576,32,2304954.69,75.53
1024,768,1048576,64,3707510.37,121.49
1024,768,1048576,128,3550060.73,116.33
1024,768,1048576,256,4004773.01,131.23
1024,896,1048576,1,138877.35,4.55
1024,896,1048576,2,244941.23,8.03
1024,896,1048576,4,715885.81,23.46
1024,896,1048576,8,1698444.73,55.65
1024,896,1048576,16,2236951.54,73.30
1024,896,1048576,32,3582755.06,117.40
1024,896,1048576,64,3247255.73,106.41
1024,896,1048576,128,3862177.58,126.56
1024,896,1048576,256,3562734.02,116.74
1024,1024,1048576,1,177710.03,5.82
1024,1024,1048576,2,371171.50,12.16
1024,1024,1048576,4,594540.97,19.48
1024,1024,1048576,8,1763202.18,57.78
1024,1024,1048576,16,2203269.21,72.20
1024,1024,1048576,32,3684006.40,120.72
1024,1024,1048576,64,4274936.26,140.08
1024,1024,1048576,128,3820928.48,125.20
1024,1024,1048576,256,4032194.00,132.13
2048,128,1048576,1,334707.60,21.94
2048,128,1048576,2,355864.40,23.32
2048,128,1048576,4,489640.89,32.09
2048,128,1048576,8,956949.49,62.71
2048,128,1048576,16,1312586.12,86.02
2048,128,1048576,32,1721308.80,112.81
2048,128,1048576,64,1566555.06,102.67
2048,128,1048576,128,2313602.75,151.62
2048,128,1048576,256,2126968.39,139.39
2048,256,1048576,1,37017.16,2.43
2048,256,1048576,2,115437.25,7.57
2048,256,1048576,4,70575.78,4.63
2048,256,1048576,8,237944.06,15.59
2048,256,1048576,16,351368.39,23.03
2048,256,1048576,32,620093.09,40.64
2048,256,1048576,64,1670293.18,109.46
2048,256,1048576,128,2208583.20,144.74
2048,256,1048576,256,1711780.97,112.18
2048,384,1048576,1,77146.29,5.06
2048,384,1048576,2,96335.06,6.31
2048,384,1048576,4,227647.64,14.92
2048,384,1048576,8,307552.59,20.16
2048,384,1048576,16,606708.80,39.76
2048,384,1048576,32,1673294.60,109.66
2048,384,1048576,64,1826948.41,119.73
2048,384,1048576,128,2221223.62,145.57
2048,384,1048576,256,1670681.16,109.49
2048,512,1048576,1,88125.36,5.78
2048,512,1048576,2,267853.38,17.55
2048,512,1048576,4,299551.99,19.63
2048,512,1048576,8,1015988.76,66.58
2048,512,1048576,16,1658263.64,108.68
2048,512,1048576,32,2142713.80,140.42
2048,512,1048576,64,2191373.95,143.61
2048,512,1048576,128,2014874.85,132.05
2048,512,1048576,256,1800347.17,117.99
2048,640,1048576,1,89517.39,5.87
2048,640,1048576,2,226224.86,14.83
2048,640,1048576,4,472319.72,30.95
2048,640,1048576,8,861804.16,56.48
2048,640,1048576,16,2018210.51,132.27
2048,640,1048576,32,1858622.34,121.81
2048,640,1048576,64,2294983.45,150.40
2048,640,1048576,128,1893846.93,124.12
2048,640,1048576,256,1763011.07,115.54
2048,768,1048576,1,141804.80,9.29
2048,768,1048576,2,344797.25,22.60
2048,768,1048576,4,609886.56,39.97
2048,768,1048576,8,978766.29,64.14
2048,768,1048576,16,1808740.22,118.54
2048,768,1048576,32,2251909.49,147.58
2048,768,1048576,64,2353956.77,154.27
2048,768,1048576,128,1681335.84,110.19
2048,768,1048576,256,1250763.36,81.97
2048,896,1048576,1,218526.47,14.32
2048,896,1048576,2,346652.66,22.72
2048,896,1048576,4,667522.92,43.75
2048,896,1048576,8,1183766.46,77.58
2048,896,1048576,16,1700127.28,111.42
2048,896,1048576,32,2131040.91,139.66
2048,896,1048576,64,2068224.44,135.54
2048,896,1048576,128,1767332.43,115.82
2048,896,1048576,256,1076932.30,70.58
2048,1024,1048576,1,206403.75,13.53
2048,1024,1048576,2,337662.68,22.13
2048,1024,1048576,4,686706.85,45.00
2048,1024,1048576,8,1055581.87,69.18
2048,1024,1048576,16,1864633.31,122.20
2048,1024,1048576,32,2045475.27,134.05
2048,1024,1048576,64,1974504.28,129.40
2048,1024,1048576,128,1401386.84,91.84
2048,1024,1048576,256,1397920.86,91.61
4096,128,1048576,1,215526.05,28.25
4096,128,1048576,2,169472.93,22.21
4096,128,1048576,4,262103.54,34.35
4096,128,1048576,8,567684.97,74.41
4096,128,1048576,16,974444.89,127.72
4096,128,1048576,32,1312550.60,172.04
4096,128,1048576,64,1645509.83,215.68
4096,128,1048576,128,1840077.39,241.18
4096,128,1048576,256,1308958.25,171.57
4096,256,1048576,1,119627.92,15.68
4096,256,1048576,2,141905.72,18.60
4096,256,1048576,4,180637.33,23.68
4096,256,1048576,8,222405.18,29.15
4096,256,1048576,16,502225.69,65.83
4096,256,1048576,32,1069874.55,140.23
4096,256,1048576,64,1351461.42,177.14
4096,256,1048576,128,1466313.21,192.19
4096,256,1048576,256,1070946.02,140.37
4096,384,1048576,1,63244.06,8.29
4096,384,1048576,2,192623.52,25.25
4096,384,1048576,4,109694.34,14.38
4096,384,1048576,8,349610.67,45.82
4096,384,1048576,16,484322.82,63.48
4096,384,1048576,32,786798.43,103.13
4096,384,1048576,64,1362793.71,178.62
4096,384,1048576,128,1260124.91,165.17
4096,384,1048576,256,1101760.24,144.41
4096,512,1048576,1,147015.59,19.27
4096,512,1048576,2,151469.94,19.85
4096,512,1048576,4,418959.98,54.91
4096,512,1048576,8,610108.81,79.97
4096,512,1048576,16,651545.95,85.40
4096,512,1048576,32,1501336.06,196.78
4096,512,1048576,64,1202883.09,157.66
4096,512,1048576,128,1173517.99,153.82
4096,512,1048576,256,883391.68,115.79
4096,640,1048576,1,160727.15,21.07
4096,640,1048576,2,237565.28,31.14
4096,640,1048576,4,260786.58,34.18
4096,640,1048576,8,787579.48,103.23
4096,640,1048576,16,1267166.47,166.09
4096,640,1048576,32,1563642.72,204.95
4096,640,1048576,64,1185381.26,155.37
4096,640,1048576,128,1068409.51,140.04
4096,640,1048576,256,772653.77,101.27
4096,768,1048576,1,173717.68,22.77
4096,768,1048576,2,231305.27,30.32
4096,768,1048576,4,381545.48,50.01
4096,768,1048576,8,842520.74,110.43
4096,768,1048576,16,1278299.37,167.55
4096,768,1048576,32,1331031.24,174.46
4096,768,1048576,64,1195669.97,156.72
4096,768,1048576,128,1186697.03,155.54
4096,768,1048576,256,741074.93,97.13
4096,896,1048576,1,182567.55,23.93
4096,896,1048576,2,241601.49,31.67
4096,896,1048576,4,448727.30,58.82
4096,896,1048576,8,805489.35,105.58
4096,896,1048576,16,1460875.81,191.48
4096,896,1048576,32,1488239.60,195.07
4096,896,1048576,64,1356936.56,177.86
4096,896,1048576,128,978620.23,128.27
4096,896,1048576,256,774846.76,101.56
4096,1024,1048576,1,165528.93,21.70
4096,1024,1048576,2,253692.30,33.25
4096,1024,1048576,4,451219.22,59.14
4096,1024,1048576,8,793277.85,103.98
4096,1024,1048576,16,1338500.47,175.44
4096,1024,1048576,32,1257830.98,164.87
4096,1024,1048576,64,1070771.32,140.35
4096,1024,1048576,128,905771.31,118.72
4096,1024,1048576,256,649971.42,85.19
8192,128,1048576,1,71795.40,18.82
8192,128,1048576,2,147629.35,38.70
8192,128,1048576,4,275930.62,72.33
8192,128,1048576,8,529939.70,138.92
8192,128,1048576,16,860282.43,225.52
8192,128,1048576,32,1084189.29,284.21
8192,128,1048576,64,1053298.75,276.12
8192,128,1048576,128,870899.45,228.30
8192,128,1048576,256,736360.34,193.03
8192,256,1048576,1,91155.08,23.90
8192,256,1048576,2,96276.47,25.24
8192,256,1048576,4,184210.98,48.29
8192,256,1048576,8,360002.54,94.37
8192,256,1048576,16,688503.64,180.49
8192,256,1048576,32,1019690.89,267.31
8192,256,1048576,64,911067.91,238.83
8192,256,1048576,128,837387.25,219.52
8192,256,1048576,256,684894.67,179.54
8192,384,1048576,1,85787.84,22.49
8192,384,1048576,2,96830.96,25.38
8192,384,1048576,4,245742.10,64.42
8192,384,1048576,8,473752.46,124.19
8192,384,1048576,16,756982.02,198.44
8192,384,1048576,32,993462.27,260.43
8192,384,1048576,64,805483.51,211.15
8192,384,1048576,128,747833.72,196.04
8192,384,1048576,256,598495.22,156.89
8192,512,1048576,1,96335.82,25.25
8192,512,1048576,2,124074.78,32.53
8192,512,1048576,4,232289.80,60.89
8192,512,1048576,8,420085.66,110.12
8192,512,1048576,16,735691.27,192.86
8192,512,1048576,32,862993.47,226.23
8192,512,1048576,64,767044.16,201.08
8192,512,1048576,128,718903.15,188.46
8192,512,1048576,256,523145.29,137.14
8192,640,1048576,1,100488.95,26.34
8192,640,1048576,2,146895.83,38.51
8192,640,1048576,4,208789.30,54.73
8192,640,1048576,8,380725.86,99.80
8192,640,1048576,16,685769.44,179.77
8192,640,1048576,32,892103.56,233.86
8192,640,1048576,64,758543.26,198.85
8192,640,1048576,128,615341.36,161.31
8192,640,1048576,256,468646.12,122.85
8192,768,1048576,1,105077.63,27.55
8192,768,1048576,2,88453.17,23.19
8192,768,1048576,4,249208.89,65.33
8192,768,1048576,8,457295.22,119.88
8192,768,1048576,16,652012.09,170.92
8192,768,1048576,32,853605.64,223.77
8192,768,1048576,64,628796.78,164.84
8192,768,1048576,128,598710.68,156.95
8192,768,1048576,256,458814.10,120.28
8192,896,1048576,1,113326.91,29.71
8192,896,1048576,2,140272.80,36.77
8192,896,1048576,4,255790.25,67.05
8192,896,1048576,8,373240.85,97.84
8192,896,1048576,16,688363.72,180.45
8192,896,1048576,32,766498.93,200.93
8192,896,1048576,64,670321.62,175.72
8192,896,1048576,128,606454.76,158.98
8192,896,1048576,256,407619.11,106.85
8192,1024,1048576,1,102908.82,26.98
8192,1024,1048576,2,135874.59,35.62
8192,1024,1048576,4,247962.22,65.00
8192,1024,1048576,8,462072.48,121.13
8192,1024,1048576,16,645021.46,169.09
8192,1024,1048576,32,765628.43,200.70
8192,1024,1048576,64,658749.25,172.69
8192,1024,1048576,128,506525.82,132.78
8192,1024,1048576,256,411025.85,107.75
16384,128,1048576,1,60210.92,31.57
16384,128,1048576,2,79655.32,41.76
16384,128,1048576,4,165033.71,86.53
16384,128,1048576,8,301795.63,158.23
16384,128,1048576,16,414392.05,217.26
16384,128,1048576,32,566933.35,297.24
16384,128,1048576,64,605284.70,317.34
16384,128,1048576,128,517631.52,271.39
16384,128,1048576,256,396798.62,208.04
16384,256,1048576,1,63089.11,33.08
16384,256,1048576,2,78636.15,41.23
16384,256,1048576,4,150414.05,78.86
16384,256,1048576,8,252804.10,132.54
16384,256,1048576,16,455570.57,238.85
16384,256,1048576,32,526227.85,275.89
16384,256,1048576,64,532734.08,279.31
16384,256,1048576,128,453460.42,237.74
16384,256,1048576,256,351072.47,184.06
16384,384,1048576,1,69927.71,36.66
16384,384,1048576,2,75697.81,39.69
16384,384,1048576,4,137826.04,72.26
16384,384,1048576,8,244119.48,127.99
16384,384,1048576,16,390170.03,204.56
16384,384,1048576,32,474296.71,248.67
16384,384,1048576,64,457090.35,239.65
16384,384,1048576,128,414870.86,217.51
16384,384,1048576,256,320629.84,168.10
16384,512,1048576,1,42283.89,22.17
16384,512,1048576,2,69828.97,36.61
16384,512,1048576,4,136042.91,71.33
16384,512,1048576,8,226938.12,118.98
16384,512,1048576,16,381593.86,200.07
16384,512,1048576,32,443028.78,232.27
16384,512,1048576,64,452018.33,236.99
16384,512,1048576,128,354885.90,186.06
16384,512,1048576,256,257872.44,135.20
16384,640,1048576,1,52216.17,27.38
16384,640,1048576,2,77970.47,40.88
16384,640,1048576,4,134882.49,70.72
16384,640,1048576,8,221380.45,116.07
16384,640,1048576,16,379616.83,199.03
16384,640,1048576,32,481998.47,252.71
16384,640,1048576,64,405334.01,212.51
16384,640,1048576,128,310732.52,162.91
16384,640,1048576,256,253834.10,133.08
16384,768,1048576,1,55708.57,29.21
16384,768,1048576,2,78628.56,41.22
16384,768,1048576,4,129286.77,67.78
16384,768,1048576,8,220846.22,115.79
16384,768,1048576,16,361828.79,189.70
16384,768,1048576,32,433523.31,227.29
16384,768,1048576,64,365317.07,191.53
16384,768,1048576,128,289893.14,151.99
16384,768,1048576,256,227763.35,119.41
16384,896,1048576,1,47532.18,24.92
16384,896,1048576,2,75759.02,39.72
16384,896,1048576,4,127241.98,66.71
16384,896,1048576,8,216272.33,113.39
16384,896,1048576,16,353587.21,185.38
16384,896,1048576,32,422635.19,221.58
16384,896,1048576,64,328526.96,172.24
16384,896,1048576,128,254090.11,133.22
16384,896,1048576,256,211344.74,110.81
16384,1024,1048576,1,53874.43,28.25
16384,1024,1048576,2,76842.31,40.29
16384,1024,1048576,4,120274.48,63.06
16384,1024,1048576,8,217904.21,114.24
16384,1024,1048576,16,344434.67,180.58
16384,1024,1048576,32,399850.24,209.64
16384,1024,1048576,64,295874.72,155.12
16384,1024,1048576,128,256904.29,134.69
16384,1024,1048576,256,192927.58,101.15